,wind10,temp,atmosphere,humidity,power,en_month,en_hour,en_cos_angle
0,2.209,-13.484,-0.6993711375970347,76.32,0.254383,0.32,0.0,0.934334557425111
1,1.828,-13.691,-0.8755230556138908,76.757,0.329703,0.32,0.041666666666666664,-0.47149033681947516
2,2.193,-13.766,-0.6438484172963563,76.981,0.296306,0.32,0.08333333333333333,0.3014395070960506
3,2.654,-13.691,-0.8229119419006783,76.821,0.18759,0.32,0.125,-0.9287327432617509
4,2.249,-13.447,-0.5781971420734189,74.571,0.081005,0.32,0.16666666666666666,0.9987889210216382
5,1.974,-13.983,-0.8131346273649362,71.808,0.189721,0.32,0.20833333333333334,0.25322911984577734
6,2.22,-14.014,-0.6245203910003435,70.816,0.265041,0.32,0.25,-0.05332858565518889
7,1.953,-14.149,-0.9289318152115036,69.525,0.241593,0.32,0.2916666666666667,-0.4884860764491111
8,2.276,-14.116,-0.5984117675139674,69.824,0.184037,0.32,0.3333333333333333,0.9913539578492712
9,2.583,-14.183,-0.7403005372060155,75.029,0.119375,0.32,0.375,0.9716099637682718
10,2.125,-14.166,-0.8909883020852796,77.312,0.30128,0.32,0.4166666666666667,-0.08070680690294794
11,2.238,-14.149,-0.5576211622402046,77.035,0.508055,0.32,0.4583333333333333,-0.6132500265321477
12,2.576,-14.266,-0.8183403058824184,74.261,1.082193,0.32,0.5,-0.1754411942049188
13,2.552,-14.099,-0.9590183935578703,71.36,0.537188,0.32,0.5416666666666666,-0.8316394373159606
14,2.258,-14.116,-0.9320663909210575,69.643,0.156325,0.32,0.5833333333333334,0.7525636704412652
15,2.544,-13.899,-0.637706655015772,68.501,0.724778,0.32,0.625,0.9998223481959503
16,1.838,-14.233,-0.15785426293290247,67.467,0.226671,0.32,0.6666666666666666,-0.9536793703049976
17,2.051,-14.249,-0.7057755547941026,67.328,0.218855,0.32,0.7083333333333334,0.20064867129749747
18,1.576,-14.133,-0.48688268610062135,68.075,0.366652,0.32,0.75,-0.004350587684744706
19,1.531,-14.278,-0.6507086262464371,68.384,0.333966,0.32,0.7916666666666666,0.9912716110289475
20,1.44,-14.641,-0.41188096868267704,68.011,0.328282,0.32,0.8333333333333334,0.9994809680650575
21,2.174,-14.828,-0.6627740592897303,69.024,0.301991,0.32,0.875,0.9989775833754172
22,2.261,-14.599,-0.3741845536366739,69.717,0.297017,0.32,0.9166666666666666,-0.9905442423502645
23,1.376,-14.481,-0.5716515327497113,70.784,0.267173,0.32,0.9583333333333334,0.36890876927777355
24,1.473,-14.433,-0.711420393692307,71.168,0.153482,0.32,1.0,0.9835241280893194
25,2.057,-14.724,-0.7170197019282262,71.189,0.266463,0.32,1.0416666666666667,-0.9996744031543633
26,1.834,-14.474,-0.7456549989097114,70.4,0.04974,0.32,1.0833333333333333,-0.6547913477720667
27,1.917,-14.291,-0.6182524050789642,68.48,0.674328,0.32,1.125,-0.9087038846579982
28,1.122,-14.266,-0.767233998968142,66.549,1.227149,0.32,1.1666666666666667,-0.999020813314648
29,0.977,-13.841,-0.7780258549593817,64.821,0.508766,0.32,1.2083333333333333,-0.992679756013001
30,2.694,-13.983,-0.6754076079913296,63.947,0.95358,0.32,1.25,0.972359409293812
31,2.499,-13.68,-0.6993711375970347,62.859,0.542162,0.32,1.2916666666666667,0.700127418988718
32,1.913,-13.916,-0.9516358582486111,61.984,0.241593,0.32,1.3333333333333333,0.9733016930468491
33,1.297,-13.722,-0.9406421178797912,61.365,0.352441,0.32,1.375,0.7741623082519141
34,1.643,-13.812,-0.7934869050027916,61.675,0.362389,0.32,1.4166666666666667,-0.9664371773153143
35,1.814,-13.81,-0.6694865010559268,61.611,0.287069,0.32,1.4583333333333333,0.7719776637568551
36,2.227,-13.56,-0.750961738947918,61.696,0.284227,0.32,1.5,-0.8700179651340301
37,1.81,-13.747,-0.832451440612627,62.251,0.181905,0.32,1.5416666666666667,-0.8066276306870535
38,2.619,-13.503,-0.6567623590515289,62.144,0.131455,0.32,1.5833333333333333,-0.13402285859877888
39,2.729,-13.71,-0.6438484172963563,67.787,0.121507,0.32,1.625,0.9948064157085438
40,2.26,-13.728,-0.767233998968142,76.192,0.265752,0.32,1.6666666666666667,0.9969072868669306
41,3.067,-13.597,-0.7086036430647507,82.315,0.795835,0.32,1.7083333333333333,-0.5712105928372639
42,2.638,-13.466,-0.7086036430647507,84.117,0.588349,0.32,1.75,-0.8525236612319875
43,2.635,-13.672,-0.6079827162189354,84.203,0.553532,0.32,1.7916666666666667,0.006016682799388925
44,1.958,-13.334,-0.696506515424013,81.781,0.2757,0.32,1.8333333333333333,0.967607679240645
45,1.269,-13.19,-0.8985776320443911,79.573,0.245146,0.32,1.875,0.6426457640472452
46,1.636,-13.203,-0.6507086262464371,76.939,0.35102,0.32,1.9166666666666667,-0.5901479155780041
47,2.378,-12.72,-0.7057755547941026,74.912,0.339651,0.32,1.9583333333333333,0.9265763128728601
48,2.687,-12.703,-0.5366966873318473,72.96,0.299149,0.32,2.0,-0.9851488485104646
49,2.888,-12.57,-0.8950383984863646,69.973,0.46329,0.32,2.0416666666666665,-0.3872153180587525
50,3.177,-12.536,-0.9488323003976016,67.189,2.070591,0.32,2.0833333333333335,-0.9924448300725429
51,3.314,-12.386,-0.4345308310694206,64.469,1.792049,0.32,2.125,0.8528332847890672
52,2.756,-12.316,-0.8183403058824184,65.824,1.273335,0.32,2.1666666666666665,-0.9919230546026724
53,2.487,-11.899,-0.7287654236346875,64.352,0.439841,0.32,2.2083333333333335,-0.2086215598641998
54,3.21,-11.278,-0.7287654236346875,63.627,1.033874,0.32,2.25,-0.12193783330651514
55,1.993,-11.411,-0.49385477037827286,62.496,0.972055,0.32,2.2916666666666665,0.6452781580946566
56,2.14,-11.378,-0.6627740592897303,66.133,0.340361,0.32,2.3333333333333335,-0.4576502063456658
57,2.943,-11.445,-0.611944851214779,66.837,0.548558,0.32,2.375,0.7868931024515864
58,2.37,-11.511,-0.7780258549593817,67.925,0.169115,0.32,2.4166666666666665,0.9380445332145221
59,1.907,-11.445,-0.48688268610062135,68.416,0.154904,0.32,2.4583333333333335,0.6508089322017239
60,3.155,-11.174,-0.750961738947918,69.088,0.059688,0.32,2.5,-0.9312656741085442
61,3.432,-11.878,-0.6182524050789642,72.853,0.182616,0.32,2.5416666666666665,-0.2136556696363568
62,3.228,-12.236,-0.6993711375970347,74.443,0.638089,0.32,2.5833333333333335,0.8583551812922554
63,3.24,-12.386,-0.7729751538159836,76.341,0.960686,0.32,2.625,0.9955609301350427
64,3.127,-12.636,-0.5984117675139674,77.067,0.818573,0.32,2.6666666666666665,-0.1517272453436942
65,3.281,-12.67,-0.6567623590515289,78.603,0.16272,0.32,2.7083333333333335,-0.3968938080252875
66,2.557,-12.72,-0.7403005372060155,78.645,0.07461,0.32,2.75,0.9998491346719363
67,2.477,-12.62,-0.611944851214779,79.403,0.285648,0.32,2.7916666666666665,-0.5742486787426284
68,1.564,-12.486,-0.5984117675139674,79.115,0.36381,0.32,2.8333333333333335,0.0223120176924437
69,0.0,-12.62,-0.564244012106849,78.944,0.341072,0.32,2.875,0.21814000537357625
70,0.056,-12.686,-0.5919831770900984,78.144,0.341072,0.32,2.9166666666666665,0.21814000537357625
71,0.073,-12.67,-0.6993711375970347,78.101,0.341072,0.32,2.9583333333333335,0.21814000537357625
72,0.0,-12.853,-0.6936307491616032,79.029,0.341072,0.32,3.0,0.21814000537357625
73,0.0,-12.67,-0.7729751538159836,80.149,0.341072,0.32,3.0416666666666665,0.21814000537357625
74,0.0,-12.786,-0.8716296695070751,81.237,0.341072,0.32,3.0833333333333335,0.21814000537357625
75,0.48,-12.703,-0.6407826624105285,82.219,0.341072,0.32,3.125,0.21814000537357625
76,0.712,-13.086,-0.8131346273649362,83.328,0.341072,0.32,3.1666666666666665,-0.4014430000231092
77,0.379,-13.186,-0.4684338657685465,83.712,0.341072,0.32,3.2083333333333335,-0.5246271874887324
78,1.52,-12.97,-0.859104451056953,84.16,0.336809,0.32,3.25,0.8782204905787444
79,0.867,-13.122,-0.5120049697176157,84.736,0.328282,0.32,3.2916666666666665,0.4777515370099457
80,1.069,-13.484,-0.7057755547941026,85.205,0.335387,0.32,3.3333333333333335,-0.9926120608640464
81,1.452,-13.447,-0.7429837119196337,86.869,0.339651,0.32,3.375,0.9858837327975916
82,1.708,-13.672,-0.916209997596475,87.339,0.341072,0.32,3.4166666666666665,-0.8821230010645367
83,1.152,-14.049,-0.259512421237612,86.485,0.33823,0.32,3.4583333333333335,0.8069343940699728
84,0.987,-14.099,-0.7805325530886037,87.616,0.341072,0.32,3.5,0.9423715597899506
85,0.0,-14.516,-0.8873276192683088,87.381,0.341072,0.32,3.5416666666666665,0.9632458164334218
86,0.0,-14.891,-0.6878459685949835,86.293,0.339651,0.32,3.5833333333333335,0.6097601572433005
87,0.0,-14.599,-0.7830267627136275,87.339,0.328282,0.32,3.625,0.6807294387221169
88,0.0,-14.891,-0.6016117265388651,87.488,0.335387,0.32,3.6666666666666665,0.6097601572433005
89,0.0,-14.787,-0.7342201522857121,87.424,0.342493,0.32,3.7083333333333335,-0.6286035115729575
90,0.646,-14.558,-0.6151035489686574,86.827,0.343914,0.32,3.75,0.9909515863577354
91,0.472,-14.499,-0.785508443927082,86.635,0.335387,0.32,3.7916666666666665,0.3573438538577888
92,0.555,-14.362,-0.5716515327497113,86.101,0.341072,0.32,3.8333333333333335,-0.3283702040849727
93,0.0,-14.266,-0.7594825361077773,85.568,0.342493,0.32,3.875,-0.6994142282041563
94,0.0,-14.62,-0.803717735099161,85.995,0.342493,0.32,3.9166666666666665,-0.0015775807587538634
95,0.0,-14.249,-0.7342201522857121,85.973,0.342493,0.32,3.9583333333333335,0.10522725160866829
96,0.0,-14.116,-0.5051167990588947,85.717,0.341072,0.33,0.0,0.15776057759490345
97,0.0,-14.049,-0.4533474265368673,85.675,0.342493,0.33,0.041666666666666664,0.15776057759490345
98,0.0,-14.495,-0.48688268610062135,85.483,0.341072,0.33,0.08333333333333333,0.011422170204874288
99,0.0,-14.641,-0.6694865010559268,85.888,0.341072,0.33,0.125,-0.08148712971696213
100,0.0,-14.891,-0.6993711375970347,85.781,0.341072,0.33,0.16666666666666666,-0.17369215527921084
101,0.0,-14.749,-0.2874058318339185,85.419,0.342493,0.33,0.20833333333333334,-0.04156560328705974
102,0.0,-15.141,-0.690743884822004,85.867,0.341072,0.33,0.25,0.9984942039581323
103,0.958,-15.083,-0.5222756482471524,85.525,0.341072,0.33,0.2916666666666667,-0.9572842684825442
104,0.027,-15.091,-0.5952022339135554,85.525,0.341072,0.33,0.3333333333333333,-0.999911659884212
105,0.978,-15.424,-0.6016117265388651,84.779,0.341072,0.33,0.375,0.41911229989415666
106,1.613,-16.339,-0.7232640542453797,84.224,0.342493,0.33,0.4166666666666667,0.9815617310112406
107,1.145,-15.862,-0.442619035886466,84.843,0.341072,0.33,0.4583333333333333,-0.9079421002335751
108,1.534,-15.808,-0.5847057469772987,84.949,0.343914,0.33,0.5,0.9518792776737532
109,1.793,-15.341,-0.3620976696966842,85.184,0.342493,0.33,0.5416666666666666,0.9433106254064056
110,1.679,-15.174,-0.33491714249681054,84.608,0.342493,0.33,0.5833333333333334,-0.2867903218646949
111,1.304,-15.474,-0.6878459685949835,84.928,0.341072,0.33,0.625,-0.5427344990718146
112,1.257,-14.991,-0.3889736940978116,85.504,0.343914,0.33,0.6666666666666666,0.999934039483848
113,0.156,-15.274,-0.6537407225677904,85.269,0.342493,0.33,0.7083333333333334,-0.8456006808396447
114,0.143,-15.391,-0.659773487351448,84.672,0.341072,0.33,0.75,0.6761289403929003
115,0.482,-15.574,-0.5847057469772987,84.011,0.342493,0.33,0.7916666666666666,0.6761289403929003
116,0.0,-15.308,-0.9564294936135224,84.843,0.343914,0.33,0.8333333333333334,0.5856495570102065
117,1.411,-15.241,-0.6842081022479329,85.184,0.348178,0.33,0.875,-0.7829448984721907
118,1.205,-15.574,-0.7170197019282262,84.757,0.348178,0.33,0.9166666666666666,0.20709801100169467
119,1.378,-15.741,-0.6048020597889725,84.757,0.346757,0.33,0.9583333333333334,-0.9993003036087728
120,0.465,-15.708,-0.6507086262464371,85.547,0.352441,0.33,1.0,-0.982337850192286
121,1.173,-15.691,-0.7456549989097114,85.397,0.356704,0.33,1.0416666666666667,0.12446937848832798
122,0.389,-15.558,-0.6724524341359285,85.419,0.341072,0.33,1.0833333333333333,0.9739938508020838
123,0.0,-15.641,-0.7910462143094421,85.419,0.345335,0.33,1.125,0.23063104010356614
124,0.12,-15.824,-0.7287654236346875,84.928,0.343914,0.33,1.1666666666666667,0.15925893433655647
125,0.406,-15.558,-0.497328987875329,85.013,0.345335,0.33,1.2083333333333333,0.9702619309680988
126,1.08,-15.891,-0.8950383984863646,84.715,0.343914,0.33,1.25,0.048633500538969116
127,0.958,-15.914,-0.6469038706212429,84.629,0.345335,0.33,1.2916666666666667,0.1758357230155016
128,1.556,-15.674,-0.7885928668936092,85.355,0.345335,0.33,1.3333333333333333,0.1758357230155016
129,1.886,-14.891,-0.3583662222226022,86.08,0.345335,0.33,1.375,-0.9975584716047543
130,2.15,-14.937,-0.5051167990588947,85.013,0.348178,0.33,1.4166666666666667,-0.25713857237153254
131,1.558,-15.358,-0.6724524341359285,84.971,0.343914,0.33,1.4583333333333333,-0.5002389659276427
132,1.196,-14.891,-0.8909883020852796,85.44,0.341072,0.33,1.5,0.999768577477741
133,1.04,-14.891,-0.7620785640824579,84.949,0.345335,0.33,1.5416666666666667,0.9817225540087057
134,0.898,-14.624,-0.5887546485485288,85.717,0.345335,0.33,1.5833333333333333,0.9388622153643946
135,0.093,-13.595,-0.564244012106849,85.504,0.345335,0.33,1.625,0.7721908993399316
136,0.0,-14.183,-0.6507086262464371,84.821,0.343914,0.33,1.6666666666666667,0.6305658667969308
137,0.0,-13.086,-0.7755067084330781,85.461,0.343914,0.33,1.7083333333333333,0.9586676716016169
138,0.835,-11.261,-0.6284176107540181,85.141,0.343914,0.33,1.75,-0.7451031081864141
139,1.154,-10.834,-0.5749289368369273,84.501,0.341072,0.33,1.7916666666666667,0.9999869177156369
140,0.974,-9.891,-0.5675419216574478,84.373,0.345335,0.33,1.8333333333333333,0.9650623390564018
141,1.942,-9.683,-0.37047215302411857,83.712,0.342493,0.33,1.875,0.15487001810465323
142,1.304,-9.291,-0.7429837119196337,83.307,0.342493,0.33,1.9166666666666667,0.7167265125939091
143,0.14,-7.294,-0.767233998968142,78.165,0.341072,0.33,1.9583333333333333,0.569663830360874
144,0.0,-6.445,-0.8793604085440468,69.451,0.341072,0.33,2.0,0.19778402522372224
145,0.0,-3.723,-0.8460423202899179,68.48,0.341072,0.33,2.0416666666666665,0.905304808493184
146,0.0,-3.875,-0.7456549989097114,61.227,0.341072,0.33,2.0833333333333335,0.9411770193294385
147,0.0,-2.818,-0.6182524050789642,53.099,0.341072,0.33,2.125,0.840982624863667
148,0.0,-3.097,-0.9193862323649141,51.712,0.341072,0.33,2.1666666666666665,0.8875946905943147
149,0.0,-3.606,-0.8873276192683088,48.064,0.329703,0.33,2.2083333333333335,0.9317114137542325
150,0.0,-3.823,-0.750961738947918,47.285,0.328282,0.33,2.25,0.9317114137542325
151,0.0,-3.656,-0.12419577782809263,47.456,0.341072,0.33,2.2916666666666665,0.7618062153296019
152,0.0,-3.742,-0.7729751538159836,47.2,0.341072,0.33,2.3333333333333335,0.9027399531893501
153,0.0,-6.123,-0.8716296695070751,49.013,0.339651,0.33,2.375,0.7486986233160788
154,0.323,-8.13,-0.711420393692307,52.277,0.341072,0.33,2.4166666666666665,0.4348137232838992
155,1.228,-9.595,-0.4648961334687412,58.251,0.341072,0.33,2.4583333333333335,-0.5175455800574184
156,1.523,-10.095,0.04147081097303505,63.413,0.336809,0.33,2.5,-0.6729862448933006
157,1.31,-10.166,-0.6182524050789642,66.912,0.339651,0.33,2.5416666666666665,0.8070872079999547
158,1.353,-10.333,-0.767233998968142,68.523,0.335387,0.33,2.5833333333333335,0.31742870151970165
159,1.45,-10.766,-0.711420393692307,70.037,0.341072,0.33,2.625,-0.8987820168910431
160,1.936,-10.816,-0.8716296695070751,70.112,0.341072,0.33,2.6666666666666665,0.5419519124551888
161,2.45,-11.395,-0.4790018672626402,70.4,0.341072,0.33,2.7083333333333335,-0.6537548094393374
162,2.348,-12.103,-0.7232640542453797,71.787,0.343914,0.33,2.75,-0.35464644681707674
163,2.158,-12.67,-0.7342201522857121,73.269,0.296307,0.33,2.7916666666666665,-0.9185317939220629
164,1.85,-13.036,-0.8183403058824184,76.288,0.341072,0.33,2.8333333333333335,0.9265763128728601
165,1.196,-12.886,-0.750961738947918,78.432,0.341072,0.33,2.875,0.15161832407645098
166,1.309,-13.447,-0.6245203910003435,79.509,0.341072,0.33,2.9166666666666665,0.37708423453452616
167,1.025,-13.635,-0.5887546485485288,82.731,0.342493,0.33,2.9583333333333335,0.48353416764253776
168,1.446,-13.756,-0.8131346273649362,84.395,0.345335,0.33,3.0,0.07365281456674298
169,1.36,-14.016,-0.7885928668936092,85.781,0.355283,0.33,3.0416666666666665,-0.8954609922572078
170,0.087,-14.016,-0.8735833512180019,85.355,0.35102,0.33,3.0833333333333335,-0.14198430151101848
171,2.004,-14.083,-0.9436585815050642,84.928,0.341072,0.33,3.125,0.31092891403782313
172,2.991,-14.828,-0.7780258549593817,83.349,0.339651,0.33,3.1666666666666665,-0.5838470068558366
173,3.133,-13.672,-0.22750750112288531,85.696,0.345335,0.33,3.2083333333333335,0.7932756423004597
174,3.014,-12.953,-0.497328987875329,84.224,0.341072,0.33,3.25,-0.6629579462723734
175,2.096,-12.686,-0.5476201063390692,84.288,0.341072,0.33,3.2916666666666665,0.31092891403782313
176,1.858,-12.686,-0.6993711375970347,82.816,0.341072,0.33,3.3333333333333335,0.9997872897100665
177,1.472,-13.428,-0.5984117675139674,82.571,0.341072,0.33,3.375,-0.9963014059399139
178,2.163,-13.449,-0.7057755547941026,83.883,0.356704,0.33,3.4166666666666665,-0.8385288832021403
179,2.409,-13.003,-0.8346611671191742,84.288,0.342493,0.33,3.4583333333333335,-0.9916628683728491
180,2.325,-13.136,-0.6507086262464371,83.243,0.342493,0.33,3.5,-0.05017929720020697
181,2.301,-13.922,-0.24305813727559514,82.261,0.343914,0.33,3.5416666666666665,0.8987014858467449
182,2.209,-13.983,-0.767233998968142,83.221,0.345335,0.33,3.5833333333333335,-0.44250692714329193
183,1.988,-14.099,-0.49385477037827286,84.416,0.341072,0.33,3.625,-0.8673385090166987
184,2.657,-13.983,-0.5476201063390692,85.717,0.341072,0.33,3.6666666666666665,-0.5509141025824722
185,2.147,-13.605,-0.497328987875329,85.931,0.341072,0.33,3.7083333333333335,-0.18992773011070785
186,1.753,-13.933,-0.8013312686801094,84.971,0.341072,0.33,3.75,0.22438371144480873
187,2.37,-13.868,-0.7729751538159836,85.376,0.342493,0.33,3.7916666666666665,0.764003771693101
188,2.194,-13.983,-0.6665098562061904,85.013,0.343914,0.33,3.8333333333333335,0.2946571985161369
189,1.646,-13.728,-0.767233998968142,85.44,0.341072,0.33,3.875,0.9964332012761201
190,0.402,-13.916,-0.4903726512154262,84.331,0.341072,0.33,3.9166666666666665,0.549931381192539
191,0.0,-14.845,-0.3546290408966098,83.072,0.346757,0.33,3.9583333333333335,0.5362094598394515
192,0.0,-15.274,-0.8793604085440468,83.84,0.358126,0.34,0.0,-0.40567565282868845
193,0.948,-15.641,-0.8107998258522712,85.291,0.341072,0.34,0.041666666666666664,-0.8507754787696209
194,0.894,-15.624,-0.8154564187409102,86.635,0.345335,0.34,0.08333333333333333,-0.5979557165932228
195,1.423,-14.87,-0.785508443927082,88.427,0.360968,0.34,0.125,0.9077096667105811
196,2.027,-14.662,-0.6842081022479329,88.149,0.346757,0.34,0.16666666666666666,-0.41524032765371754
197,2.77,-14.883,-0.8502801275080024,86.144,0.358126,0.34,0.20833333333333334,0.9133440568071051
198,3.277,-14.828,-0.26337329391953046,85.781,0.346757,0.34,0.25,0.9660664577647504
199,3.115,-14.924,-0.5299293831632249,86.229,0.345335,0.34,0.2916666666666667,0.9756226979194443
200,2.404,-14.808,-0.8274309118354789,86.4,0.343914,0.34,0.3333333333333333,0.9624442497761292
201,2.299,-14.704,-0.7646623988163707,85.589,0.346757,0.34,0.375,-0.1702550933966556
202,2.283,-14.766,-0.4164319894824766,85.739,0.345335,0.34,0.4166666666666667,0.2689575881300311
203,1.047,-14.166,-0.48250928141686555,86.229,0.353862,0.34,0.4583333333333333,-0.5653877101135576
204,0.947,-14.62,-0.767233998968142,85.141,0.346757,0.34,0.5,0.04226948073900178
205,0.212,-15.108,-0.8131346273649362,85.376,0.365231,0.34,0.5416666666666666,-0.8079645227629872
206,1.304,-15.241,-0.5887546485485288,85.035,0.372337,0.34,0.5833333333333334,-0.9968079689403974
207,1.004,-15.374,-0.8107998258522712,85.397,0.358126,0.34,0.625,-0.9993425436481087
208,0.0,-14.999,-0.803717735099161,85.483,0.28849,0.34,0.6666666666666666,0.4968280340828338
209,0.0,-15.291,-0.6245203910003435,85.269,0.197537,0.34,0.7083333333333334,0.09280621889587708
210,0.0,-15.341,-0.4381299730543258,85.461,0.235198,0.34,0.75,0.3829059648557633
211,0.133,-15.274,-0.6245203910003435,85.419,0.370916,0.34,0.7916666666666666,0.12560730543165263
212,0.0,-15.058,-0.497328987875329,85.568,0.296306,0.34,0.8333333333333334,0.963147081275492
213,0.896,-15.241,-0.637706655015772,85.952,0.172668,0.34,0.875,0.5447787626952536
214,1.896,-15.124,-0.515436794464234,85.589,0.314781,0.34,0.9166666666666666,-0.9512443106100883
215,1.875,-15.274,-0.7885928668936092,85.589,0.368074,0.34,0.9583333333333334,0.44356217792617825
216,1.927,-15.824,-0.637706655015772,84.992,0.349599,0.34,1.0,-0.4559422758951242
217,2.871,-15.788,-0.6346204443282273,84.608,0.349599,0.34,1.0416666666666667,0.8056397848332247
218,2.95,-16.681,-0.7959148999225886,84.245,0.348178,0.34,1.0833333333333333,0.9051948618403274
219,2.279,-15.955,-0.6079827162189354,84.907,0.356704,0.34,1.125,0.9602854044706522
220,2.469,-16.424,-0.22750750112288531,83.712,0.359547,0.34,1.1666666666666667,-0.8941058321917965
221,2.867,-15.874,-0.5576211622402046,84.619,0.35102,0.34,1.2083333333333333,0.9960622624736346
222,2.512,-16.467,-0.6182524050789642,83.552,0.345335,0.34,1.25,-0.9962021981772449
223,2.31,-16.446,-0.5749289368369273,83.627,0.349599,0.34,1.2916666666666667,-0.4234455744179107
224,2.358,-16.254,-0.8154564187409102,83.392,0.35102,0.34,1.3333333333333333,-0.9564339669741838
225,2.26,-15.608,-0.7456549989097114,84.267,0.355283,0.34,1.375,0.9228809093547046
226,1.387,-15.241,-0.29887856980858507,84.331,0.378021,0.34,1.4166666666666667,0.45810884491198983
227,2.105,-15.969,-0.38159133472482926,83.371,0.352441,0.34,1.4583333333333333,0.917712044668045
228,2.773,-15.934,-0.750961738947918,83.221,0.348178,0.34,1.5,0.9566525032194403
229,2.779,-15.955,-0.2508103704630235,83.008,0.369495,0.34,1.5416666666666667,-0.3060951051453317
230,3.292,-14.974,-0.750961738947918,83.968,0.305544,0.34,1.5833333333333333,-0.15685370945523797
231,2.811,-14.887,-0.6182524050789642,82.645,0.208907,0.34,1.625,-0.9943121239040343
232,2.084,-15.534,-0.6627740592897303,80.128,0.202511,0.34,1.6666666666666667,-0.9404965114635221
233,0.523,-17.398,-0.7287654236346875,74.624,0.129323,0.34,1.7083333333333333,0.15889303925607165
234,0.0,-15.008,-0.681285489070276,80.757,0.135008,0.34,1.75,0.30874794071341893
235,0.95,-14.066,-0.8368575390648533,80.192,0.270015,0.34,1.7916666666666667,-0.44671642271921747
236,0.393,-13.945,-0.8836101477865267,76.672,0.53932,0.34,1.8333333333333333,0.14088200458444736
237,0.623,-13.981,-0.832451440612627,75.2,0.839179,0.34,1.875,-0.7855891718922461
238,0.717,-13.186,-0.8755230556138908,73.739,0.769544,0.34,1.9166666666666667,0.9217512697247493
239,1.533,-12.97,-0.515436794464234,70.112,0.434867,0.34,1.9583333333333333,-0.1969428894595865
240,1.313,-13.103,-0.9092660630504114,69.333,0.149219,0.34,2.0,-0.2088060072878917
241,1.797,-12.266,-0.7403005372060155,68.331,0.254383,0.34,2.0416666666666665,0.9941298542684076
242,2.19,-12.016,-0.611944851214779,67.979,0.382285,0.34,2.0833333333333335,-0.5369334978785446
243,2.796,-12.266,-0.7620785640824579,70.091,0.368074,0.34,2.125,0.9651986779105415
244,2.592,-11.932,-0.7568743564287211,68.939,0.379443,0.34,2.1666666666666665,0.9800742018448173
245,2.033,-11.545,-0.48688268610062135,68.789,0.370916,0.34,2.2083333333333335,0.7554805835793679
246,1.54,-11.582,-0.8229119419006783,68.885,0.343914,0.34,2.25,-0.7838226885967743
247,1.561,-11.545,-0.564244012106849,67.296,0.341072,0.34,2.2916666666666665,-0.9236939838622903
248,2.259,-11.345,-0.5509626248094169,68.203,0.341072,0.34,2.3333333333333335,0.6246235613694269
249,1.87,-11.495,-0.859104451056953,69.312,0.341072,0.34,2.375,0.9998386944218535
250,1.817,-11.361,-0.5781971420734189,70.443,0.341072,0.34,2.4166666666666665,0.9329026841390932
251,1.571,-11.64,-0.8985776320443911,71.787,0.341072,0.34,2.4583333333333335,-0.9134201664428945
252,1.349,-11.736,-0.4648961334687412,71.221,0.341072,0.34,2.5,0.9796602396129145
253,0.812,-11.661,-0.8793604085440468,70.037,0.335387,0.34,2.5416666666666665,-0.9649463185255371
254,1.233,-11.411,-0.442619035886466,69.291,0.331124,0.34,2.5833333333333335,-0.32160813176404734
255,0.513,-11.445,-0.8502801275080024,68.939,0.328282,0.34,2.625,-0.6758853313891375
256,0.44,-11.428,-0.711420393692307,68.437,0.332545,0.34,2.6666666666666665,0.4407080780713429
257,0.226,-11.445,-0.8412100789201641,69.536,0.333966,0.34,2.7083333333333335,-0.17981135759187108
258,0.0,-11.711,-0.8412100789201641,71.2,0.339651,0.34,2.75,0.5396461244860667
259,0.0,-11.836,-0.4790018672626402,71.264,0.341072,0.34,2.7916666666666665,0.5055477664928266
260,0.0,-11.766,-0.6245203910003435,71.531,0.341072,0.34,2.8333333333333335,0.5337397076678656
261,0.0,-12.12,-0.6754076079913296,73.163,0.341072,0.34,2.875,0.4349805887165717
262,0.0,-12.486,-0.7780258549593817,75.232,0.341072,0.34,2.9166666666666665,-0.6516248248852554
263,1.031,-12.593,-0.40457796506418786,77.141,0.341072,0.34,2.9583333333333335,-0.6583699206351359
264,0.0,-12.536,-0.637706655015772,79.488,0.341072,0.34,3.0,-0.025648232645096358
265,0.821,-12.686,-0.7260205470967052,82.112,0.341072,0.34,3.0416666666666665,-0.5856251228053606
266,0.0,-12.67,-0.803717735099161,83.584,0.341072,0.34,3.0833333333333335,-0.998981124853873
267,0.0,-12.87,-0.7934869050027916,84.523,0.341072,0.34,3.125,-0.855051965312748
268,0.0,-13.036,-0.7287654236346875,83.968,0.341072,0.34,3.1666666666666665,-0.855051965312748
269,0.0,-14.212,-0.27973424543374503,83.157,0.341072,0.34,3.2083333333333335,-0.44900462489189236
270,0.0,-14.52,-0.7086036430647507,83.968,0.341072,0.34,3.25,-0.999612082405112
271,0.0,-14.874,-0.7198021699477767,83.925,0.341072,0.34,3.2916666666666665,-0.766035713682778
272,0.714,-14.495,-0.5222756482471524,85.803,0.341072,0.34,3.3333333333333335,-0.9863944821475963
273,0.0,-14.599,-0.564244012106849,84.693,0.341072,0.34,3.375,-0.9976987517396584
274,0.303,-14.787,-0.5814560961679721,84.437,0.341072,0.34,3.4166666666666665,-0.08284654393548166
275,0.0,-15.491,-0.43092473660048813,83.008,0.341072,0.34,3.4583333333333335,-0.5639216703440815
276,1.076,-14.878,-0.8060913420515968,84.117,0.339651,0.34,3.5,-0.9547554425840771
277,1.395,-15.008,-0.5051167990588947,84.075,0.341072,0.34,3.5416666666666665,-0.3733068318313718
278,2.1,-14.704,-0.5576211622402046,84.245,0.341072,0.34,3.5833333333333335,0.43027106041257207
279,1.855,-14.724,-0.5476201063390692,85.696,0.341072,0.34,3.625,0.03178767716665858
280,1.284,-14.999,-0.690743884822004,85.163,0.341072,0.34,3.6666666666666665,0.6702961029604984
281,0.0,-14.92,-0.6079827162189354,84.288,0.341072,0.34,3.7083333333333335,-0.3193293117777487
282,0.253,-15.491,-0.5749289368369273,83.115,0.341072,0.34,3.75,-0.5719132912557945
283,0.712,-14.804,-0.7403005372060155,85.056,0.343914,0.34,3.7916666666666665,0.44986512471025175
284,1.051,-14.683,-0.2508103704630235,85.035,0.341072,0.34,3.8333333333333335,0.20648222933781113
285,1.056,-14.599,-0.5814560961679721,85.099,0.345335,0.34,3.875,-0.33025242622027806
286,0.621,-15.124,-0.7568743564287211,83.584,0.342493,0.34,3.9166666666666665,-0.9095528998385624
287,0.594,-15.091,-0.6315240797270243,84.181,0.343914,0.34,3.9583333333333335,0.31911264654054444
288,1.099,-14.641,-0.8013312686801094,86.229,0.341072,0.35,0.0,0.9963039957114873
289,1.408,-14.516,-0.8183403058824184,86.656,0.349599,0.35,0.041666666666666664,-0.4512869469141821
290,1.688,-14.558,-0.9209522971551826,87.339,0.345335,0.35,0.08333333333333333,0.12068345436829965
291,2.126,-14.599,-0.5222756482471524,84.885,0.366652,0.35,0.125,0.8201125720473302
292,1.952,-14.766,-0.750961738947918,83.819,0.365231,0.35,0.16666666666666666,-0.9747038808026199
293,2.045,-14.787,-0.832451440612627,83.072,0.360968,0.35,0.20833333333333334,0.3037324317137522
294,2.101,-15.091,-0.5333173017803097,81.163,0.365231,0.35,0.25,0.271775131313565
295,1.716,-14.808,-0.8716296695070751,81.12,0.342493,0.35,0.2916666666666667,0.7032687041060787
296,1.813,-15.358,-0.6182524050789642,78.763,0.362389,0.35,0.3333333333333333,0.31128113685615644
297,1.07,-15.274,-0.6936307491616032,79.072,0.355283,0.35,0.375,-0.6941755173708847
298,1.069,-15.274,-0.711420393692307,78.933,0.365231,0.35,0.4166666666666667,-0.6941755173708847
299,0.333,-15.108,-0.5576211622402046,78.603,0.366652,0.35,0.4583333333333333,-0.3741306347095226
300,0.183,-15.391,-0.7287654236346875,78.112,0.348178,0.35,0.5,0.8502925258564306
301,0.33,-15.374,-0.7729751538159836,78.549,0.355283,0.35,0.5416666666666666,-0.3507691132091307
302,0.067,-15.024,-0.5434296430957686,78.603,0.306965,0.35,0.5833333333333334,0.37822035347632343
303,0.466,-15.558,-0.5007952481191886,79.936,0.35102,0.35,0.625,-0.742031089836188
304,0.947,-16.066,-0.711420393692307,80.203,2.302947,0.35,0.6666666666666666,0.8855699439324373
305,0.78,-16.531,-0.17855464406047825,82.88,3.201103,0.35,0.7083333333333334,0.3902223580879855
306,0.24,-16.296,-0.5333173017803097,84.395,4.190212,0.35,0.75,0.9832206662381587
307,0.863,-16.36,-0.5814560961679721,85.781,5.285195,0.35,0.7916666666666666,-0.9465819861695023
308,1.089,-15.981,-0.8346611671191742,85.931,4.279032,0.35,0.8333333333333334,-0.8318683162926706
309,0.804,-16.382,-0.4164319894824766,85.589,2.60778,0.35,0.875,-0.9701276156603571
310,1.603,-16.275,-0.6469038706212429,85.995,1.135485,0.35,0.9166666666666666,0.7631909925685806
311,1.669,-16.981,-0.8131346273649362,83.861,0.520135,0.35,0.9583333333333334,0.8297620415013914
312,0.14,-17.298,-0.8251780282834708,84.992,0.331834,0.35,1.0,-0.4891269715306166
313,0.0,-16.446,-0.17855464406047825,87.04,0.156325,0.35,1.0416666666666667,-0.2678237022587411
314,0.0,-16.296,-0.7198021699477767,86.528,0.490291,0.35,1.0833333333333333,-0.22903725945368325
315,0.0,-16.339,-0.9225036267283433,85.717,1.377078,0.35,1.125,-0.20267469690171744
316,0.0,-16.531,-0.5609370746640936,84.949,1.972533,0.35,1.1666666666666667,-0.08398947462256867
317,0.0,-16.33,-0.31125875045887436,84.672,2.675284,0.35,1.2083333333333333,0.4966424726107538
318,0.0,-16.814,-0.6213913691639791,84.459,2.472061,0.35,1.25,-0.2623893978125999
319,0.0,-16.931,-0.9775532879741601,84.843,1.230702,0.35,1.2916666666666667,0.6195206125592099
320,0.0,-17.098,-0.6182524050789642,85.504,0.304833,0.35,1.3333333333333333,0.5770662137716207
321,0.0,-16.831,-0.3150575510649016,86.549,0.220276,0.35,1.375,0.6195206125592099
322,0.0,-16.931,-0.058483901887660755,86.912,0.942211,0.35,1.4166666666666667,-0.9715921906288022
323,0.0,-16.881,-0.5576211622402046,87.125,0.94079,0.35,1.4583333333333333,-0.9542122250040185
324,0.0,-16.731,-0.2874058318339185,87.381,0.262199,0.35,1.5,-0.5081324650413658
325,0.0,-16.605,-0.8251780282834708,87.083,0.36381,0.35,1.5416666666666667,-0.5311989678392779
326,0.0,-16.467,-0.6783519753394114,86.443,0.296306,0.35,1.5833333333333333,-0.905851539409948
327,0.0,-16.424,-0.690743884822004,86.656,0.356704,0.35,1.625,-0.473745688739923
328,0.0,-16.424,-0.7086036430647507,85.419,0.30057,0.35,1.6666666666666667,-0.5025443191453852
329,0.0,-15.896,-0.3778909673044592,84.971,0.330414,0.35,1.7083333333333333,0.8479213353906788
330,0.133,-15.824,-0.7342201522857121,84.096,0.341072,0.35,1.75,-0.6697731340905854
331,0.0,-14.937,-0.6016117265388651,83.776,0.366652,0.35,1.7916666666666667,0.8783075249925489
332,0.0,-14.408,-0.40823273273093985,82.197,0.283516,0.35,1.8333333333333333,0.10044464222637674
333,1.026,-14.558,-0.9059072793219072,80.555,1.278309,0.35,1.875,0.33991960591984266
334,2.509,-14.891,-0.830228394900789,81.515,1.934162,0.35,1.9166666666666667,-0.08196140765637185
335,2.858,-14.504,-0.750961738947918,82.88,1.550456,0.35,1.9583333333333333,-0.9360525893043906
336,2.585,-14.149,-0.5716515327497113,82.677,0.984135,0.35,2.0,0.9979549422565311
337,2.873,-14.216,-0.659773487351448,82.261,1.360735,0.35,2.0416666666666665,0.9998998872783965
338,2.699,-14.183,-0.6346204443282273,81.675,0.942922,0.35,2.0833333333333335,-0.9813979969328632
339,2.722,-14.149,-0.8274309118354789,81.184,0.237329,0.35,2.125,-0.9999767688461898
340,2.789,-14.116,-0.767233998968142,81.12,0.292043,0.35,2.1666666666666665,-0.9249084337144773
341,4.132,-14.183,-0.6245203910003435,81.835,0.753201,0.35,2.2083333333333335,0.9869427268940769
342,3.75,-14.266,-0.7232640542453797,83.584,1.55472,0.35,2.25,-0.8578030932449878
343,2.234,-13.71,-0.7057755547941026,83.307,1.325917,0.35,2.2916666666666665,-0.9837311151561843
344,3.565,-13.522,-0.9350915488654905,82.155,0.786597,0.35,2.3333333333333335,-0.9999020246554887
345,3.121,-13.086,-0.7594825361077773,81.525,1.934873,0.35,2.375,0.986484911252422
346,3.115,-13.086,-0.637706655015772,80.096,0.493133,0.35,2.4166666666666665,-0.9619303888419867
347,2.4,-13.003,-0.9289318152115036,78.955,0.23875,0.35,2.4583333333333335,0.1066283175807856
348,2.671,-12.936,-0.6627740592897303,79.072,0.101611,0.35,2.5,0.9460299063922225
349,3.266,-12.82,-0.7830267627136275,78.048,0.105874,0.35,2.5416666666666665,-0.4139581381035385
350,2.766,-13.02,-0.31125875045887436,79.52,0.427761,0.35,2.5833333333333335,-0.9709046240963034
351,2.62,-12.62,-0.832451440612627,77.653,0.251541,0.35,2.625,0.9847332202716449
352,1.2,-12.82,-0.49385477037827286,77.387,0.278542,0.35,2.6666666666666665,0.07269377145361149
353,2.083,-12.82,-0.7983301602209663,75.467,0.339651,0.35,2.7083333333333335,-0.48035265172719566
354,3.466,-13.174,-0.5984117675139674,76.704,0.326861,0.35,2.75,-0.9299771201664011
355,2.583,-13.357,-0.681285489070276,79.691,0.206775,0.35,2.7916666666666665,-0.9758573527635273
356,2.398,-13.284,-0.7232640542453797,80.16,0.138561,0.35,2.8333333333333335,-0.7666534874889169
357,1.992,-13.597,-0.6694865010559268,81.152,0.31336,0.35,2.875,0.9847332202716449
358,2.36,-13.966,-0.916209997596475,81.696,0.331835,0.35,2.9166666666666665,-0.7581213189410425
359,2.573,-14.154,-0.44977847369334756,83.157,0.27214700000000003,0.35,2.9583333333333335,0.9917197827945752
360,2.342,-14.849,-0.803717735099161,84.267,0.1883,0.35,3.0,-0.8886642966616853
361,2.467,-15.054,-0.4684338657685465,85.269,0.30057,0.35,3.0416666666666665,-0.4084889441368248
362,2.873,-15.341,-0.7057755547941026,85.504,0.22596,0.35,3.0833333333333335,0.9805416800747778
363,2.063,-15.791,-0.5781971420734189,86.635,0.294885,0.35,3.125,-0.6029273139176253
364,0.0,-16.446,-0.6151035489686574,86.037,0.332545,0.35,3.1666666666666665,-0.9985663125429197
365,1.456,-16.467,-0.8131346273649362,86.571,0.333966,0.35,3.2083333333333335,0.9294175667211075
366,0.233,-16.798,-0.5716515327497113,87.125,0.345335,0.35,3.25,-0.7788999288853
367,0.0,-16.714,-0.939276996101657,86.251,0.331124,0.35,3.2916666666666665,-0.8879689066918555
368,0.0,-16.51,-0.6627740592897303,86.677,0.329703,0.35,3.3333333333333335,-0.884727853398731
369,0.0,-16.914,-0.4381299730543258,86.421,0.332545,0.35,3.375,-0.9825726079515589
370,0.505,-17.214,-0.737605517699595,86.293,0.335387,0.35,3.4166666666666665,-0.8811776419294155
371,0.0,-16.898,-0.9193862323649141,86.635,0.345335,0.35,3.4583333333333335,-0.12293357877724202
372,0.0,-16.781,-0.5400674857479333,86.464,0.355283,0.35,3.5,0.5453064448516676
373,0.0,-16.798,-0.7342201522857121,85.739,0.322597,0.35,3.5416666666666665,-0.18909982012986337
374,0.0,-16.524,-0.33868344344450513,85.483,0.349599,0.35,3.5833333333333335,-0.15659813603515488
375,0.775,-16.831,-0.34244432546443687,85.653,0.120796,0.35,3.625,0.6800013937302882
376,0.805,-16.898,-0.38528559669198426,85.44,0.128613,0.35,3.6666666666666665,-0.4243860358484319
377,0.0,-16.964,-0.5847057469772987,84.992,0.206064,0.35,3.7083333333333335,0.06130719095597865
378,0.213,-16.998,-0.5847057469772987,85.291,0.233776,0.35,3.75,0.9045488690841261
379,0.0,-16.572,-0.49385477037827286,85.205,0.368074,0.35,3.7916666666666665,-0.36369871134632237
380,0.0,-16.831,-0.29887856980858507,84.843,0.355283,0.35,3.8333333333333335,0.5164967286286201
381,0.17,-16.798,-0.47196410313649273,85.184,0.262199,0.35,3.875,-0.4721806105971278
382,0.776,-17.271,0.09153968696772984,85.141,0.279963,0.35,3.9166666666666665,-0.9158035496090257
383,1.397,-17.521,-0.27955633138331576,84.843,0.353862,0.35,3.9583333333333335,0.7173142601371506
384,1.681,-17.171,-0.43165976243201476,85.333,0.345335,0.36,0.0,-0.7123221417899395
385,1.538,-17.522,-0.7753897034088374,84.651,0.345335,0.36,0.041666666666666664,0.749428670491837
386,1.207,-17.026,0.9980750825629877,85.781,0.35102,0.36,0.08333333333333333,-0.23386414996966173
387,1.724,-17.521,-0.12004179878378726,84.416,0.333256,0.36,0.125,-0.9895601009639169
388,0.296,-17.098,-0.09530112347896573,84.875,0.362389,0.36,0.16666666666666666,-0.9651907941897763
389,0.0,-17.175,-0.17487229589130932,84.331,0.324729,0.36,0.20833333333333334,-0.9969397311546545
390,0.0,-17.304,-0.8565935447794805,84.245,0.31336,0.36,0.25,-0.9560358174031084
391,0.0,-17.209,0.16151334112686666,84.288,0.140692,0.36,0.2916666666666667,-0.6736761413320251
392,0.183,-17.225,0.16545952061040534,84.288,0.233777,0.36,0.3333333333333333,-0.9547420688867081
393,0.0,-17.373,0.9006959250944205,84.651,0.268594,0.36,0.375,0.8035281475310002
394,0.356,-17.384,0.9999186216751115,84.16,0.336098,0.36,0.4166666666666667,-0.034784367629063034
395,1.789,-16.84,-0.13268293544503454,84.864,0.35102,0.36,0.4583333333333333,-0.9828895277233576
396,0.902,-16.531,-0.2835723072092101,84.523,0.341072,0.36,0.5,-0.0524701298416043
397,1.17,-16.505,-0.6694865010559268,84.416,0.341072,0.36,0.5416666666666666,0.9868416878703099
398,1.646,-17.318,0.137487760060275,83.861,0.342493,0.36,0.5833333333333334,-0.1622659197767832
399,1.915,-17.354,0.037659107377331615,83.541,0.341072,0.36,0.625,0.6542562288699832
400,2.013,-17.471,0.35850692914284493,83.968,0.341072,0.36,0.6666666666666666,-0.9918434460507543
401,2.194,-17.6,-0.3784075959127594,83.563,0.343914,0.36,0.7083333333333334,0.040187906862732777
402,2.196,-17.531,-0.4273117473449631,83.776,0.341072,0.36,0.75,-0.607414072068316
403,2.496,-17.735,0.9730077009488344,83.317,0.342493,0.36,0.7916666666666666,0.8522120149100958
404,2.315,-17.597,-0.8967836362674143,83.328,0.342493,0.36,0.8333333333333334,-0.9993942017563433
405,2.461,-17.502,0.8156921307082691,83.968,0.343914,0.36,0.875,0.9092147069972237
406,2.507,-17.166,0.9528682994354091,84.011,0.345335,0.36,0.9166666666666666,0.7941327380354724
407,2.055,-17.209,0.7831648491502601,83.264,0.35102,0.36,0.9583333333333334,-0.7502372046549903
408,1.68,-17.227,0.5403502645097162,83.499,0.349599,0.36,1.0,0.8395117761476395
409,1.566,-17.108,0.6995298248294983,83.328,0.346757,0.36,1.0416666666666667,0.9382647176235808
410,1.982,-17.512,-0.35053911142416133,83.349,0.342493,0.36,1.0833333333333333,-0.9674093154108162
411,1.739,-17.447,-0.8793264480144269,83.541,0.348178,0.36,1.125,0.9634428968400057
412,1.925,-17.307,-0.12890101388117703,83.435,0.342493,0.36,1.1666666666666667,-0.5756760115428301
413,1.937,-17.202,-0.08784798587933677,83.285,0.349599,0.36,1.2083333333333333,-0.8757851687452702
414,3.085,-17.021,0.09552214974466333,83.2,0.365231,0.36,1.25,0.21817103092720816
415,2.182,-17.064,-0.5716515327497113,83.563,0.352441,0.36,1.2916666666666667,0.9176092180152704
416,2.382,-17.865,-0.9689814181282494,82.08,0.35102,0.36,1.3333333333333333,0.9296896335909153
417,3.142,-17.914,-0.43092473660048813,82.848,0.352441,0.36,1.375,0.7197096620234948
418,1.986,-17.564,-0.19427399781867294,83.541,0.352441,0.36,1.4166666666666667,0.48294377997562904
419,1.79,-17.914,-0.4648961334687412,83.093,0.353862,0.36,1.4583333333333333,0.8538742306310119
420,3.502,-18.468,-0.637706655015772,81.461,0.35102,0.36,1.5,-0.9999760458560991
421,3.194,-17.481,-0.5814560961679721,83.477,0.349599,0.36,1.5416666666666667,0.8376354901113493
422,2.906,-17.148,-0.40823273273093985,83.285,0.349599,0.36,1.5833333333333333,-0.16880383300933846
423,3.248,-17.481,-0.6694865010559268,82.245,0.35102,0.36,1.625,0.4457601861283314
424,2.903,-16.743,-0.6665098562061904,82.891,0.349599,0.36,1.6666666666666667,-0.16422934069176234
425,3.633,-16.714,-0.38159133472482926,81.376,0.349599,0.36,1.7083333333333333,-0.006430608887598694
426,3.384,-16.296,-0.8131346273649362,80.896,0.369495,0.36,1.75,-0.9101375577480554
427,2.724,-15.191,-0.681285489070276,81.579,0.368074,0.36,1.7916666666666667,0.16759920470437645
428,3.527,-14.724,-0.8084520515596895,80.379,0.358126,0.36,1.8333333333333333,0.8680239632281262
429,3.285,-14.233,-0.34244432546443687,78.139,0.32544,0.36,1.875,0.977774402456741
430,3.037,-13.07,-0.8631713185492731,76.971,0.208907,0.36,1.9166666666666667,0.7083788288357543
431,2.926,-13.67,-0.611944851214779,75.035,0.135008,0.36,1.9583333333333333,0.1535255597675116
432,2.242,-14.116,-0.7729751538159836,75.28,0.216012,0.36,2.0,-0.6207347739721054
433,3.29,-14.199,-0.5781971420734189,74.928,0.114401,0.36,2.0416666666666665,0.649940212072244
434,4.48,-14.033,-0.6936307491616032,75.035,0.881103,0.36,2.0833333333333335,0.7585512424637351
435,4.705,-14.078,-0.6315240797270243,74.085,3.220999,0.36,2.125,-0.3758220775175228
436,4.531,-13.883,-0.8716296695070751,73.792,3.504515,0.36,2.1666666666666665,-0.10312526182542182
437,4.365,-13.728,-0.564244012106849,73.36,2.288025,0.36,2.2083333333333335,-0.1556732032075142
438,4.278,-13.524,-0.711420393692307,73.413,1.568931,0.36,2.25,-0.9203984697635381
439,4.358,-13.122,-0.4345308310694206,72.965,2.464956,0.36,2.2916666666666665,-0.9486999446816122
440,4.315,-12.949,-0.49385477037827286,73.195,2.737103,0.36,2.3333333333333335,0.6089342112865554
441,4.057,-13.12,-0.515436794464234,72.656,2.624123,0.36,2.375,0.47651906126386456
442,3.541,-12.586,-0.832451440612627,71.909,1.901476,0.36,2.4166666666666665,0.46047565364870063
443,2.949,-12.62,-0.803717735099161,71.248,0.68996,0.36,2.4583333333333335,0.7132238699496505
444,3.186,-12.553,-0.8368575390648533,70.763,1.441029,0.36,2.5,0.8382614251870912
445,3.535,-11.974,-0.5007952481191886,69.957,1.638567,0.36,2.5416666666666665,0.21810897959950118
446,3.193,-11.786,-0.7287654236346875,70.069,2.076276,0.36,2.5833333333333335,0.16101232463962697
447,3.697,-12.016,-0.8131346273649362,70.907,3.066806,0.36,2.625,-0.8978401922649971
448,3.194,-12.436,-0.8460423202899179,72.267,1.777838,0.36,2.6666666666666665,0.9626677775134235
449,2.822,-11.911,-0.6936307491616032,72.363,1.249176,0.36,2.7083333333333335,-0.8280830348216475
450,2.56,-12.436,-0.6438484172963563,73.627,0.532925,0.36,2.75,-0.9596809162488564
451,1.413,-11.62,-0.859104451056953,72.395,0.25083,0.36,2.7916666666666665,0.9722735783476721
452,1.689,-11.611,-0.9193862323649141,71.632,0.186169,0.36,2.8333333333333335,0.9170049631569733
453,2.272,-12.036,-0.7830267627136275,73.605,0.761727,0.36,2.875,-0.9824756620384606
454,2.095,-12.336,-0.5847057469772987,74.816,0.986267,0.36,2.9166666666666665,-0.8937077134258408
455,1.865,-12.157,-0.8131346273649362,75.536,1.31668,0.36,2.9583333333333335,0.8740048466949961
456,2.237,-12.52,-0.7729751538159836,77.941,0.60185,0.36,3.0,-0.6869221614335634
457,2.685,-12.195,-0.9020593569406311,78.283,0.657274,0.36,3.0416666666666665,-0.8746522253298412
458,2.956,-11.911,-0.803717735099161,77.653,0.586218,0.36,3.0833333333333335,0.9709769204790033
459,2.443,-11.595,-0.8131346273649362,75.968,0.530083,0.36,3.125,-0.8101144512274207
460,3.076,-12.436,-0.8793604085440468,75.264,0.685697,0.36,3.1666666666666665,0.9676270546002049
461,3.453,-12.195,-0.8368575390648533,76.363,1.624355,0.36,3.2083333333333335,-0.9996376357447283
462,3.658,-11.636,-0.7170197019282262,74.816,1.860264,0.36,3.25,-0.0038747219746425652
463,3.606,-11.495,-0.9678449045220293,75.445,3.159179,0.36,3.2916666666666665,0.02593705216103503
464,2.88,-11.411,-0.6048020597889725,75.435,2.424453,0.36,3.3333333333333335,0.9730731953455478
465,3.132,-10.576,-0.7620785640824579,72.443,2.696601,0.36,3.375,0.5652733067038451
466,2.345,-10.632,-0.6694865010559268,73.088,2.536012,0.36,3.4166666666666665,-0.7441326033564941
467,2.411,-10.466,-0.5576211622402046,75.701,1.932741,0.36,3.4583333333333335,-0.46697329623855605
468,3.559,-10.67,-0.45690912583133536,74.768,2.93464,0.36,3.5,-0.9445787132133429
469,2.156,-11.566,-0.41188096868267704,75.947,3.623179,0.36,3.5416666666666665,-0.996417407688308
470,2.1,-11.69,-0.8985776320443911,77.675,0.746095,0.36,3.5833333333333335,-0.8876807908721537
471,2.427,-12.12,-0.832451440612627,78.219,0.594034,0.36,3.625,0.21618130350914483
472,1.921,-12.253,-0.9092660630504114,78.939,2.337054,0.36,3.6666666666666665,0.9923317436681922
473,2.275,-12.67,-0.5716515327497113,80.987,2.986512,0.36,3.7083333333333335,0.22550124615296743
474,3.275,-12.52,-0.4009167241586258,82.123,2.666046,0.36,3.75,0.681648583069534
475,2.585,-12.786,-0.6346204443282273,82.24,2.162965,0.36,3.7916666666666665,0.7541730574155645
476,2.095,-12.62,-0.5509626248094169,83.307,1.807681,0.36,3.8333333333333335,0.9822352219530752
477,2.052,-12.703,-0.6079827162189354,84.64,2.177887,0.36,3.875,-0.4842821480103065
478,0.76,-12.986,-0.7755067084330781,84.096,2.717207,0.36,3.9166666666666665,0.7239394942557779
479,1.198,-13.036,-0.7780258549593817,84.853,2.356239,0.36,3.9583333333333335,-0.7853794805442209
480,1.233,-13.56,-0.7142257616087411,84.544,2.895559,0.37,0.0,-0.9364028254526646
481,2.145,-14.066,-0.6665098562061904,84.757,7.522058,0.37,0.041666666666666664,-0.9402096582996553
482,3.056,-13.597,-0.5007952481191886,86.251,12.596215,0.37,0.08333333333333333,-0.11977181416168753
483,4.57,-13.207,-0.7260205470967052,82.731,12.367413,0.37,0.125,0.7459920769244229
484,4.583,-13.053,-0.6936307491616032,80.416,13.608062,0.37,0.16666666666666666,-0.9761543603450152
485,4.866,-13.312,-0.6627740592897303,76.512,11.939652,0.37,0.20833333333333334,0.7459920769244229
486,5.098,-13.689,-0.7983301602209663,76.667,15.970696,0.37,0.25,0.9970194785423407
487,4.288,-13.24,-0.7830267627136275,78.773,19.918604,0.37,0.2916666666666667,-0.345527892953013
488,3.428,-13.186,-0.681285489070276,75.899,11.397489,0.37,0.3333333333333333,-0.6554598794270371
489,3.307,-13.878,-0.6993711375970347,76.117,7.447449,0.37,0.375,0.20340854898190608
490,4.2,-13.036,-0.7057755547941026,77.248,7.568245,0.37,0.4166666666666667,0.9616456352147384
491,5.542,-14.42,-0.8131346273649362,73.6,15.898929,0.37,0.4583333333333333,-0.9102447378202249
492,6.392,-13.799,-0.5366966873318473,75.413,29.723003,0.37,0.5,0.6765925272860667
493,5.939,-13.691,-0.5576211622402046,74.795,36.12663,0.37,0.5416666666666666,0.9625144686244381
494,7.35,-12.77,-0.5919831770900984,74.965,35.379112,0.37,0.5833333333333334,-0.3749541424649219
495,6.791,-12.77,-0.6567623590515289,71.232,31.443996,0.37,0.625,0.8129976921630817
496,6.719,-13.357,-0.45690912583133536,72.651,28.972645,0.37,0.6666666666666666,0.4433302409721594
497,7.26,-13.428,-0.8412100789201641,73.771,29.424564,0.37,0.7083333333333334,-0.9698751869861624
498,7.006,-12.436,-0.4648961334687412,72.203,30.989233,0.37,0.75,-0.876191866217537
499,6.067,-12.503,-0.5576211622402046,71.029,32.081375,0.37,0.7916666666666666,-0.8271740464274258
500,5.326,-11.953,-0.8229119419006783,71.744,31.339542,0.37,0.8333333333333334,-0.6405098561195938
